<!DOCTYPE hibernate-configuration PUBLIC
    "-//Hibernate/Hibernate Configuration DTD 3.0//EN"
    "http://www.hibernate.org/dtd/hibernate-configuration-3.0.dtd">

<hibernate-configuration>
    <session-factory>
        <!-- JDBC connection settings -->
        <property name="hibernate.connection.driver_class">com.mysql.cj.jdbc.Driver</property>
        <property name="hibernate.connection.url">jdbc:mysql://localhost:3306/retailer</property>
        <property name="hibernate.connection.username">root</property>
        <property name="hibernate.connection.password">root</property>


        <!-- Hibernate settings -->
        <property name="hibernate.dialect">org.hibernate.dialect.MySQLDialect</property>
        <property name="hibernate.hbm2ddl.auto">update</property>
        <property name="hibernate.show_sql">true</property>

        <!-- Entity mapping -->
        <mapping class="likhitha.AnnotationDemo.Employee"/>
    </session-factory>
</hibernate-configuration>